text,label,importance
"UPDATE -- INTERMEX LAUNCHES A NEW REMITTANCE-AS-A-SERVICE (RAAS) PLATFORM TO HELP BUSINESSES SIMPLIFY CROSS-BORDER PAYMENTS. MIAMI, JULY 08, 2025 (GLOBE NEWSWIRE) -- INTERNATIONAL MONEY EXPRESS, INC. (NASDAQ: IMXI) (“INTERMEX” OR THE “COMPANY”), A LEADING MONEY REMITTANCE PROVIDER TO LATIN AMERICA AND THE CARIBBEAN, TODAY ANNOUNCED THE LAUNCH OF ITS FULLY REDESIGNED REMITTANCE-AS-A-SERVICE (RAAS) PLATFORM. THE UPGRADED SERVICE GIVES BUSINESSES A STRAIGHTFORWARD WAY TO EMBED FAST, SECURE CROSS-BORDER MONEY TRANSFERS INTO THEIR OWN CUSTOMER EXPERIENCES.",neutral,importante
"DeFi Dev Corp. Brings Total Holdings to 690,420 SOL After 47,272 SOL Purchase. BOCA RATON, FL, July 08, 2025 (GLOBE NEWSWIRE) -- DeFi Development Corp. (Nasdaq: DFDV) (the “Company”) the first public company with a treasury strategy built to accumulate and compound Solana (“SOL”), announced today the purchase of 47,272 Solana (“SOL”) at an average purchase price of $149.09 and valued at approximately $7.03 million. Following the transaction, DeFi Development Corp. now holds a total of approximately 690,420 SOL and SOL equivalents, valued at approximately $102.7 million, inclusive of staking rewards. The latest purchase marks a +64.1% increase in the Company's SOL and SOL equivalent holdings compared to 420,690 SOL held 60 days prior.",negative,générale
"Ripple Shares Remain Secure as Linqto Denies Bankruptcy Rumors and Legal Threats Escalate. Linqto, a private investment platform based in San Francisco, has pushed back firmly against growing bankruptcy rumors, affirming that investor holdings—including Ripple shares—remain intact and protected. The company's statement comes amid regulatory scrutiny and misinformation circulating online, particularly regarding its association with Ripple and the ownership of millions of dollars in Ripple equity.",neutral,importante
"QNB Signs Definitive Agreement, Finalizes Terms for Biofuel and Hydrogen Technology. Montreal, Quebec – TheNewswire - July 8, 2025  – QNB Metals Inc. (CSE: TIM.X) (USOTC: QNBMF) announces that it has entered into an agreement on July 4, 2025 to acquire ReSolve Energie Inc. / ReSolve Energy Inc., a privately held company specializing in advanced biofuel technologies.   QNB Metals Inc. (the “ Corporation ”) has executed a share exchange agreement (“ Definitive Agreement ”) whereby it will acquire all the issued and outstanding common shares of ReSolve Energie Inc. / ReSolve Energy Inc. (“ ReSolve ”) in exchange for 18,000,000 common shares in the capital of the Corporation (the “ Common Shares ”) on a post-Consolidated (as defined herein) basis at a deemed price of $0.25 Common Share (the “ Proposed Transaction ”). As of the date of the Definitive Agreement, ReSolve had 22,154,370 ReSolve Shares issued and outstanding representing an exchange ratio of 0.8124 Corporation shares for each share held in ReSolve.",negative,générale
"High Roller Appoints Sara Nunes Managing Director & Chief Commercial Officer, Finland. Las Vegas, Nevada, July 08, 2025 (GLOBE NEWSWIRE) -- High Roller Technologies (“High Roller” and the “Company”) (NYSE: ROLR), operator of the award-winning, premium online casino brands High Roller and Fruta, today announced the appointment of Sara Nunes as Managing Director & Chief Commercial Officer, Finland.",negative,générale
"CoTec Investment Mkango and Hypromag Announces First Production from Commercial-Scale Recycled Rare Earth Alloy Production in the UK. VANCOUVER, BRITISH COLUMBIA / ACCESS Newswire / July 8, 2025 / CoTec Holdings Corp. (TSXV:CTH)(OTCQB:CTHCF) (""CoTec"" or the ""Company"") is pleased to note that Mkango Resources Ltd. (AIM/TSX-V:MKA) (""Mkango"") and HyProMag Limited (""HyProMag"") have announced first production runs of recycled rare earth alloy from the commercial-scale Hydrogen Processing of Magnet Scrap (""HPMS"") vessel at Tyseley Energy Park (""TEP"") in Birmingham, UK.",negative,générale
"The Ghost Wallet: $1 Billion Bitcoin Hoard Untouched Since 2011 Signals a Surprising BTC Price Movement. A Bitcoin wallet untouched for 14 years just came back to life, and it's not going unnoticed. On July 3, 2025, blockchain analytics firm Spot on Chain flagged the transfer of 10,000 BTC—worth approximately $1.09 billion.",negative,générale
"Robinhood CEO downplays OpenAI concerns on tokenized stock structure. In a CNBC interview Tuesday, Robinhood CEO Vlad Tenev defended the company's OpenAI and SpaceX stock tokens, given concerns over how they're structured. Last week, OpenAI issued a warning that Robinhood's stock tokens do not represent equity in the company.",positive,critique
"Boralex will release its 2025 second quarter financial results on August 8, at 11 a.m.. MONTREAL, July 08, 2025 (GLOBE NEWSWIRE) -- Boralex inc. (“Boralex” or the “Company”) (TSX: BLX) announces that the release of the 2025 second quarter results will take place on Friday, August 8, 2025, at 11 a.m.",negative,générale
"EUR/USD, USD/JPY and AUD/USD Forecast – US Dollar Is a Bit Mixed Early on Tuesday. The US dollar continues to be a bit mixed overall, showing signs of strength against the yen, while struggling with the euro overall. The Aussie has seen a rate decision come and go, and the markets continue to see noise in general.",positive,critique
"Trump's Truth Social Files for Blue-Chip Crypto ETF Featuring BTC, ETH, SOL, XRP, and CRO. Truth Social aims to launch a diversified crypto ETF with top tokens as it ventures into digital asset markets.",negative,générale
"Why Analysts See Potential 'Danger' Lurking for Airlines Ahead of Q2 Earnings. Delta Air Lines (DAL) is scheduled to release its second-quarter results Thursday, setting the tone for other carriers like United Airlines (UAL), Southwest Airlines (LUV), and American Airlines (AAL), each set to report later this month.",negative,générale
"QUANTEXA ADDS MICROSOFT AND MORGAN STANLEY LUMINARIES TO ADVISORY BOARD. STEVEN GUGGENHEIMER AND FRANCK PETITGAS BRING DECADES OF EXPERTISE IN AI, ENTERPRISE TECH, GLOBAL FINANCE, AND PUBLIC POLICY TO SUPPORT QUANTEXA'S MISSION TO LEAD THE DECISION INTELLIGENCE ERA STEVEN GUGGENHEIMER AND FRANCK PETITGAS BRING DECADES OF EXPERTISE IN AI, ENTERPRISE TECH, GLOBAL FINANCE, AND PUBLIC POLICY TO SUPPORT QUANTEXA'S MISSION TO LEAD THE DECISION INTELLIGENCE ERA",neutral,importante
"Stock Market Live July 8: S&P 500 (VOO) Keeps Falling as Tariff Worries Sink In. President Trump gave investors a lot to worry about on Monday, sparking a stock selloff that's continuing into today.",positive,critique
"BluSky AI Inc. Secures First Site with 9.3MW to Launch Flagship Data Center in Central, Utah. Salt Lake City Utah, July 08, 2025 (GLOBE NEWSWIRE) -- BluSky AI Inc. (OTC: BSAI), (“BluSky AI” or the “Company”), a next-generation developer of modular AI data center infrastructure, is proud to announce the acquisition of its first operational site, securing a total of 9.3 megawatts (MW) of power to support its flagship data center project in Central, Utah.",neutral,générale
"Wall Street goes off on Tesla board, calls to rein in Musk, and act now. Dan Ives, a leading Tesla (NASDAQ: TSLA) bull on Wall Street, has suggested that it's time for the company's board to take action to rein in CEO Elon Musk's increasing political focus.",negative,générale
"Honeywell Explores Strategic Alternatives for 2 Units Ahead of Split. Honeywell (HON) on Tuesday said it is evaluating ""strategic alternatives"" for a pair of its businesses ahead of its plan to split into three separate public companies by the end of next year.",negative,générale
"Bitcoin Price Outlook – Bitcoin Continues to Pressure the Ceiling. The bitcoin market has rallied slightly during the trading session on Tuesday, as we continue to see buyers step into the market and take advantage of cheap bitcoin whenever they can. With that being said, the market still sees the $110,000 level as a massive barrier.",positive,critique
"Metaplanet wants to use Bitcoin as collateral to access bank financing. Metaplanet, the Japanese Bitcoin treasury firm, has revealed a bold strategy to convert its growing Bitcoin reserves into capital for acquiring profitable businesses. According to a July 8 Financial Times report, Metaplanet CEO Simon Gerovich said the company is preparing for a second phase where it can use Bitcoin as collateral to access bank financing.",negative,générale
How Will Skyrizi and Rinvoq Sales Aid AbbVie's Upcoming Q2 Results?. ABBV leans on Skyrizi and Rinvoq sales strength to offset Humira's decline ahead of its Q2 earnings report.,neutral,importante
"Here's Why You Should Add NWN Stock to Your Portfolio Right Now. Northwest Natural makes a strong case for investment, given its growth prospects, liquidity and capability to increase shareholders' value.",neutral,importante
"Standard Uranium launches 2025 exploration at Corvo. Standard Uranium Ltd (TSX-V:STND, OTCQB:STTDF) said on Tuesday it has kicked off its 2025 exploration program at the Corvo uranium project in Saskatchewan, targeting high-grade surface uranium showings ahead of a planned maiden drill campaign in early 2026. The exploration activities mark the first on-the-ground program at Corvo, which is being advanced under a three-year earn-in option agreement with Aventis Energy.",negative,générale
"ISRG Expands Installed Base, But Is Utilization Keeping Pace?. Intuitive Surgical's installed base tops 10,000, but flat utilization growth raises questions about ROI and system productivity.",positive,critique
"Wall Street goes off on Tesla board, calls to rein in Musk. Dan Ives, a leading Tesla (NASDAQ: TSLA) bull on Wall Street, has suggested that it's time for the company's board to take action to rein in CEO Elon Musk's increasing political focus.",negative,générale
"MiCA Clears 53 Crypto Firms—Binance & Tether Still Waiting. EU's new crypto law grants licenses to 53 companies, but industry giants face delays amid tough compliance hurdles.",positive,critique
"Baker Hughes and Evida Partner to Advance CO2 Transport in Denmark. BKR teams up with Evida to develop CO2 pipeline infrastructure, advancing Denmark's growing carbon capture push.",neutral,importante
"Gold price down a bit; bulls need a spark. Jim Wyckoff has spent over 25 years involved with the stock, financial and commodity markets. He was a financial journalist with the FWN newswire service for many years, including stints as a reporter on the rough-and-tumble commodity futures trading floors in Chicago and New York.",negative,générale
"2 International Tech Stocks That Look Like Buys. Without the leadership of the red-hot U.S. tech sector, the S&P probably wouldn't be making new highs right about now, especially as the tariff deadline looms while new tariff threats are made.",positive,critique
"Gold (XAUUSD) Price Forecast: Awaiting Catalyst for Volatile Breakout Ahead. Gold holds near key levels as traders await Fed minutes, with tariffs stirring inflation fears. A breakout in XAU/USD could follow this week.",negative,générale
